{"name":"69409877-d8aa-4546-a305-48a983893607","id":"/providers/Microsoft.Flow/flows/69409877-d8aa-4546-a305-48a983893607","type":"Microsoft.Flow/flows","properties":{"apiId":"/providers/Microsoft.PowerApps/apis/shared_logicflows","displayName":"Save #PsConfEU Tweets to Azure SQL DB","definition":{"$schema":"https://schema.management.azure.com/providers/Microsoft.Logic/schemas/2016-06-01/workflowdefinition.json#","contentVersion":"1.0.0.0","parameters":{"$connections":{"defaultValue":{},"type":"Object"},"$authentication":{"defaultValue":{},"type":"SecureObject"}},"triggers":{"When_a_new_tweet_appears":{"recurrence":{"interval":1,"frequency":"Minute"},"splitOn":"@triggerBody()?.value","metadata":{"flowSystemMetadata":{"swaggerOperationId":"OnNewTweet"}},"type":"ApiConnection","inputs":{"host":{"api":{"runtimeUrl":"https://europe-001.azure-apim.net/apim/twitter"},"connection":{"name":"@parameters('$connections')['shared_twitter']['connectionId']"}},"method":"get","path":"/onnewtweet","queries":{"searchQuery":"#PSConfEU"},"authentication":"@parameters('$authentication')"},"conditions":[]}},"actions":{"Detect_Sentiment":{"runAfter":{},"metadata":{"flowSystemMetadata":{"swaggerOperationId":"DetectSentiment"}},"type":"ApiConnection","inputs":{"host":{"api":{"runtimeUrl":"https://europe-001.azure-apim.net/apim/cognitiveservicestextanalytics"},"connection":{"name":"@parameters('$connections')['shared_cognitiveservicestextanalytics']['connectionId']"}},"method":"post","path":"/sentiment","body":{"text":"@triggerBody()?['TweetText']"},"authentication":"@parameters('$authentication')"}},"Execute_stored_procedure":{"runAfter":{"Detect_Sentiment":["Succeeded"]},"metadata":{"flowSystemMetadata":{"swaggerOperationId":"ExecuteProcedure"}},"type":"ApiConnection","inputs":{"host":{"api":{"runtimeUrl":"https://europe-001.azure-apim.net/apim/sql"},"connection":{"name":"@parameters('$connections')['shared_sql']['connectionId']"}},"method":"post","path":"/datasets/default/procedures/@{encodeURIComponent(encodeURIComponent('[dbo].[InsertTweet]'))}","body":{"__PowerAppsId__":"0","Date":"@triggerBody()?['CreatedAtIso']","Sentiment":"@{body('Detect_Sentiment')?['score']}","Tweet":"@triggerBody()?['TweetText']","UserLocation":"@triggerBody()?['UserDetails']?['Location']","UserName":"@triggerBody()?['TweetedBy']"},"authentication":"@parameters('$authentication')"}}}},"connectionReferences":{"shared_cognitiveservicestextanalytics":{"connectionName":"shared-cognitiveserv-0f61ca98-af63-46b7-8beb-ce38fd5507ba","source":"Embedded","id":"/providers/Microsoft.PowerApps/apis/shared_cognitiveservicestextanalytics","tier":"NotSpecified"},"shared_sql":{"connectionName":"shared-sql-6bb7213f-220b-4be4-9085-01ba5714c8d4","source":"Embedded","id":"/providers/Microsoft.PowerApps/apis/shared_sql","tier":"NotSpecified"},"shared_twitter":{"connectionName":"shared-twitter-dd371dc1-ee6f-4265-a281-6c2f1c7cf9b8","source":"Embedded","id":"/providers/Microsoft.PowerApps/apis/shared_twitter","tier":"NotSpecified"}}}}